-122.46,37.74,52.0,2053.0,281.0,791.0,287.0,10.959;500001.0
-121.86,37.37,15.0,8162.0,2124.0,8793.0,2086.0,3.3306;210300.0
-117.77,33.6,33.0,247.0,80.0,167.0,70.0,3.7059;237500.0
-119.32,36.21,25.0,2360.0,460.0,1424.0,436.0,2.3152;63100.0
-122.18,37.79,39.0,617.0,95.0,236.0,106.0,5.2578;253000.0
-121.28,38.6,17.0,1671.0,378.0,848.0,351.0,3.1194;112500.0
-118.01,35.12,15.0,1926.0,361.0,917.0,316.0,3.3889;68500.0
-120.43,34.69,33.0,2054.0,373.0,1067.0,358.0,3.6023;128300.0
-118.11,33.82,37.0,1756.0,345.0,836.0,335.0,4.375;218200.0
-118.1,33.94,34.0,1947.0,284.0,841.0,277.0,6.1814;453600.0
-118.44,34.02,32.0,2242.0,490.0,921.0,461.0,4.0429;500001.0
-123.34,39.5,15.0,2342.0,535.0,1064.0,433.0,1.8967;96600.0
-117.82,33.85,18.0,1810.0,305.0,1189.0,326.0,5.2227;213500.0
-118.35,34.05,33.0,2880.0,836.0,1416.0,736.0,2.6781;328800.0
-118.19,33.93,42.0,1829.0,391.0,1614.0,377.0,3.1912;146400.0
-117.23,33.91,9.0,11654.0,2100.0,7596.0,2127.0,4.0473;127200.0
-122.31,38.32,33.0,2463.0,421.0,1235.0,465.0,3.7045;161500.0
-118.1,33.81,36.0,856.0,146.0,451.0,164.0,5.1993;246000.0
-117.21,33.82,2.0,4198.0,805.0,1943.0,673.0,3.9052;122100.0
-122.3,38.29,40.0,1739.0,318.0,744.0,312.0,2.6518;156100.0
-118.96,35.36,35.0,2285.0,497.0,1738.0,480.0,2.4848;54000.0
-121.84,37.24,24.0,7991.0,1286.0,4017.0,1213.0,5.4741;238800.0
-117.64,33.51,15.0,1743.0,254.0,943.0,274.0,5.9339;286000.0
-118.3,34.0,40.0,1131.0,281.0,859.0,230.0,1.1806;134600.0
-118.1,34.01,29.0,2077.0,564.0,2087.0,543.0,2.66;189200.0
-121.9,37.28,34.0,4613.0,749.0,2050.0,725.0,5.3922;302900.0
-118.04,33.94,37.0,1328.0,273.0,1115.0,275.0,4.2051;164400.0
-122.17,37.78,42.0,1524.0,260.0,651.0,267.0,3.6875;157300.0
-118.4,33.87,45.0,2181.0,505.0,965.0,471.0,5.3816;500001.0
-121.83,38.43,24.0,1307.0,314.0,917.0,291.0,2.2244;98100.0
-120.97,37.66,21.0,2760.0,632.0,1260.0,576.0,2.0227;179800.0
-115.6,32.87,3.0,1629.0,317.0,1005.0,312.0,4.1293;83200.0
-121.17,38.71,15.0,3084.0,557.0,1040.0,562.0,2.5183;293300.0
-117.97,33.88,11.0,1454.0,247.0,635.0,236.0,6.2427;218500.0
-117.66,35.62,11.0,5897.0,1138.0,2728.0,1072.0,4.15;85700.0
-116.96,33.52,9.0,2802.0,471.0,1155.0,421.0,4.125;392100.0
-117.67,33.61,23.0,3588.0,577.0,1695.0,569.0,6.1401;243200.0
-122.37,37.58,34.0,2697.0,313.0,810.0,279.0,12.4291;500001.0
-122.25,37.82,52.0,2474.0,403.0,1104.0,398.0,5.883;340700.0
-118.09,33.74,44.0,1671.0,390.0,871.0,367.0,4.6369;422200.0
-118.14,33.76,50.0,914.0,167.0,322.0,165.0,4.7361;418800.0
-118.74,34.25,25.0,1815.0,281.0,960.0,284.0,5.4243;214700.0
-121.76,36.75,21.0,1141.0,257.0,671.0,195.0,3.8424;155700.0
-123.5,39.67,22.0,2124.0,450.0,1122.0,446.0,2.1793;71500.0
-118.1,33.9,37.0,796.0,175.0,740.0,183.0,3.6;156400.0
-116.52,32.9,18.0,4454.0,852.0,1754.0,656.0,4.57;189900.0
-119.69,36.83,28.0,1868.0,350.0,898.0,329.0,3.1814;78900.0
-118.23,33.89,35.0,1255.0,344.0,1782.0,343.0,2.1949;95100.0
-119.79,36.78,38.0,1912.0,456.0,1131.0,408.0,2.03;58800.0
-122.41,37.71,47.0,2289.0,481.0,1697.0,465.0,3.4773;226300.0
-118.44,34.2,36.0,2698.0,623.0,1544.0,554.0,2.7375;234900.0
-121.91,37.44,19.0,2174.0,484.0,1645.0,484.0,5.0362;255100.0
-118.27,34.01,42.0,990.0,289.0,1167.0,281.0,1.4524;126800.0
-118.08,34.07,32.0,4089.0,975.0,3775.0,955.0,3.29;205500.0
-117.31,33.1,15.0,2392.0,446.0,747.0,421.0,3.5341;500001.0
-119.45,35.16,34.0,3437.0,696.0,1783.0,608.0,2.3912;52900.0
-120.0,36.7,33.0,1902.0,370.0,1168.0,358.0,2.6852;70800.0
-122.29,37.82,49.0,135.0,29.0,86.0,23.0,6.1183;75000.0
-118.24,34.23,43.0,1061.0,208.0,514.0,208.0,6.01;254200.0
-118.27,34.13,47.0,1375.0,359.0,1512.0,418.0,2.1071;208900.0
-122.25,37.5,44.0,348.0,79.0,154.0,73.0,4.7708;253800.0
-117.01,32.76,22.0,3626.0,824.0,1800.0,769.0,2.8594;189600.0
-118.24,33.9,38.0,2055.0,442.0,1518.0,425.0,2.3382;103000.0
-122.02,37.38,43.0,1261.0,317.0,836.0,333.0,4.0911;224600.0
-117.55,33.93,25.0,5187.0,934.0,2725.0,860.0,4.1865;154300.0
-121.29,38.07,21.0,1185.0,207.0,533.0,213.0,3.1917;204500.0
-122.16,37.89,32.0,1779.0,241.0,721.0,258.0,8.7589;434500.0
-121.87,37.21,18.0,1080.0,122.0,382.0,121.0,9.08;500001.0
-118.45,34.16,22.0,7828.0,2038.0,3303.0,1922.0,3.6171;318300.0
-122.37,37.58,43.0,2506.0,432.0,967.0,428.0,4.7404;500001.0
-119.82,36.84,7.0,2289.0,342.0,1077.0,354.0,5.4868;158800.0
-118.21,33.95,35.0,2134.0,650.0,2248.0,587.0,2.2988;153400.0
-121.77,37.33,8.0,3088.0,474.0,1799.0,456.0,7.2707;355300.0
-118.22,33.96,42.0,1380.0,331.0,1290.0,288.0,2.8;161800.0
-121.96,37.41,17.0,3208.0,617.0,2286.0,602.0,5.2937;238000.0
-117.12,32.75,25.0,2222.0,634.0,1025.0,568.0,1.64;130000.0
-118.25,34.15,20.0,3960.0,1027.0,1729.0,978.0,3.0441;193800.0
-122.2,37.4,37.0,1296.0,194.0,540.0,192.0,8.2782;500001.0
-118.11,34.02,17.0,9559.0,1911.0,5279.0,1844.0,5.1515;318900.0
-122.05,37.59,15.0,6243.0,1273.0,3163.0,1274.0,3.7462;212500.0
-122.09,37.7,30.0,1751.0,269.0,731.0,263.0,6.005;263900.0
-121.78,37.24,17.0,2123.0,341.0,1067.0,339.0,6.0062;262700.0
-121.89,37.66,3.0,1565.0,464.0,769.0,461.0,2.1187;231300.0
-118.26,34.09,51.0,1532.0,366.0,669.0,333.0,3.6434;278800.0
-121.98,37.35,41.0,1150.0,249.0,729.0,260.0,3.5491;261100.0
-116.48,33.96,11.0,1381.0,300.0,644.0,248.0,2.3382;89400.0
-117.47,33.92,18.0,3869.0,773.0,2500.0,726.0,3.6583;126100.0
-122.27,38.68,18.0,742.0,142.0,343.0,119.0,3.1563;98400.0
-118.42,34.32,30.0,3027.0,604.0,1970.0,590.0,4.3409;156000.0
-118.02,33.82,21.0,2052.0,456.0,1173.0,432.0,3.7885;204500.0
-122.21,37.44,35.0,1140.0,193.0,486.0,199.0,4.6908;500001.0
-117.14,32.92,7.0,1308.0,418.0,766.0,390.0,3.2151;106300.0
-121.11,41.07,26.0,1707.0,308.0,761.0,250.0,2.7188;48100.0
-121.99,36.97,15.0,3044.0,786.0,1306.0,693.0,2.1771;213200.0
-118.29,33.88,27.0,2082.0,612.0,2009.0,548.0,2.9063;184100.0
-122.43,37.71,35.0,2878.0,564.0,1633.0,528.0,4.5;266900.0
-117.67,34.04,13.0,2295.0,374.0,1284.0,378.0,5.2551;194300.0
-119.29,36.3,20.0,1157.0,179.0,572.0,191.0,5.3495;177300.0
-122.29,37.41,30.0,6373.0,854.0,2149.0,798.0,10.6868;500001.0
-118.22,33.96,35.0,1437.0,474.0,2113.0,484.0,2.6179;158800.0
-120.84,35.31,23.0,3100.0,603.0,1515.0,609.0,2.8493;196100.0
-118.24,33.96,44.0,1338.0,366.0,1765.0,388.0,1.7778;109900.0
-118.39,34.23,18.0,3405.0,831.0,3001.0,795.0,3.0083;181900.0
-122.12,37.4,31.0,2356.0,405.0,921.0,358.0,7.0245;500001.0
-119.38,36.3,14.0,1932.0,330.0,997.0,291.0,3.6875;93200.0
-118.14,34.16,30.0,2598.0,757.0,2869.0,769.0,2.1377;142300.0
-118.13,34.09,42.0,700.0,212.0,662.0,210.0,3.0078;191700.0
-117.91,33.84,16.0,919.0,253.0,912.0,249.0,1.5903;165400.0
-122.09,37.11,32.0,2637.0,489.0,1031.0,410.0,3.6474;231600.0
-117.16,33.61,3.0,2744.0,428.0,1223.0,366.0,4.7944;215300.0
-118.27,34.0,43.0,1258.0,381.0,1276.0,358.0,1.8917;106900.0
-118.04,33.95,36.0,2722.0,515.0,1390.0,486.0,3.8214;178500.0
-122.25,37.86,52.0,4048.0,663.0,1316.0,590.0,5.3794;376900.0
-120.29,37.94,17.0,1459.0,297.0,753.0,271.0,3.05;144800.0
-118.14,34.14,17.0,3404.0,1011.0,1694.0,949.0,2.9511;282300.0
-117.72,34.1,32.0,3241.0,895.0,1592.0,810.0,2.4952;181800.0
-121.47,38.54,47.0,2085.0,464.0,1346.0,402.0,1.2679;56700.0
-117.66,33.59,18.0,4552.0,706.0,1918.0,671.0,7.5791;288100.0
-119.48,36.44,22.0,1389.0,290.0,1185.0,271.0,2.0857;49200.0
-118.3,34.25,36.0,1300.0,304.0,688.0,261.0,3.1523;176700.0
-120.19,36.61,29.0,1479.0,338.0,1408.0,322.0,2.293;57200.0
-122.28,37.9,49.0,3191.0,516.0,1148.0,507.0,6.3538;333700.0
-117.57,33.91,22.0,2620.0,396.0,1324.0,362.0,5.3735;214600.0
-118.48,34.03,32.0,1793.0,476.0,1143.0,448.0,2.8981;353600.0
-122.16,37.77,39.0,1583.0,349.0,857.0,316.0,3.0958;145800.0
-117.95,33.82,35.0,1068.0,190.0,514.0,174.0,4.0735;208700.0
-121.32,35.95,31.0,372.0,68.0,479.0,67.0,3.5547;200000.0
-121.44,38.43,3.0,39320.0,6210.0,16305.0,5358.0,4.9516;153700.0
-118.22,33.9,38.0,796.0,159.0,679.0,167.0,3.6607;110400.0
-117.73,34.09,36.0,1543.0,297.0,1355.0,303.0,3.5313;117800.0
-122.71,37.9,23.0,1250.0,257.0,437.0,188.0,3.115;242600.0
-117.05,32.62,34.0,3928.0,686.0,2315.0,681.0,4.2851;144500.0
-117.55,34.14,3.0,5710.0,919.0,2874.0,886.0,5.3638;206300.0
-117.66,34.12,22.0,2272.0,278.0,933.0,305.0,8.8204;390500.0
-116.2,33.7,26.0,2399.0,625.0,2654.0,535.0,2.2989;60600.0
-118.76,34.13,10.0,4355.0,716.0,2030.0,674.0,6.5571;500001.0
-118.2,33.92,42.0,1411.0,314.0,1432.0,322.0,3.0871;138800.0
-118.19,33.78,24.0,225.0,72.0,439.0,71.0,2.8533;137500.0
-122.03,37.95,32.0,1955.0,313.0,804.0,317.0,4.9485;202300.0
-120.07,36.96,42.0,963.0,216.0,471.0,211.0,2.2898;66100.0
-117.24,33.95,11.0,6617.0,1118.0,3710.0,1087.0,4.7877;132600.0
-118.64,34.19,28.0,3274.0,571.0,1424.0,521.0,4.4167;247300.0
-117.86,33.62,23.0,3166.0,411.0,1092.0,345.0,7.9367;500001.0
-118.41,34.14,33.0,778.0,143.0,258.0,130.0,5.738;497600.0
-117.89,33.84,35.0,3315.0,744.0,2425.0,687.0,3.5521;182800.0
-118.14,34.01,46.0,1746.0,447.0,1296.0,392.0,2.3929;156800.0
-122.14,37.86,20.0,6201.0,1182.0,2415.0,1141.0,4.5744;314000.0
-118.29,34.17,17.0,3852.0,1066.0,2986.0,993.0,2.3482;255400.0
-121.56,38.26,43.0,1906.0,327.0,996.0,314.0,2.9744;136800.0
-122.1,37.61,35.0,2361.0,458.0,1727.0,467.0,4.5281;173600.0
-122.79,39.08,23.0,952.0,200.0,321.0,128.0,1.5208;89000.0
-118.24,33.95,37.0,441.0,125.0,390.0,98.0,1.6513;90200.0
-117.48,33.98,20.0,2451.0,475.0,1785.0,456.0,3.3966;115000.0
-122.49,37.69,35.0,2644.0,456.0,1465.0,430.0,4.9375;277000.0
-122.66,38.81,22.0,852.0,176.0,461.0,142.0,3.4375;83300.0
-122.33,37.58,27.0,5144.0,1481.0,2518.0,1447.0,3.4836;287900.0
-118.09,34.12,38.0,2638.0,432.0,1284.0,433.0,5.4536;342700.0
-121.65,37.12,14.0,4721.0,999.0,2648.0,888.0,3.6895;239300.0
-119.55,34.38,17.0,1951.0,368.0,681.0,350.0,2.7275;500001.0
-117.72,34.05,8.0,1841.0,409.0,1243.0,394.0,4.0614;107000.0
-117.21,34.05,4.0,2904.0,764.0,1250.0,664.0,3.2131;137500.0
-117.94,33.73,24.0,4197.0,718.0,2468.0,714.0,5.2563;211400.0
-122.24,37.79,43.0,1626.0,376.0,1284.0,357.0,2.2542;112200.0
-122.14,37.72,45.0,1397.0,253.0,555.0,248.0,2.983;202700.0
-120.35,37.86,25.0,287.0,57.0,118.0,50.0,2.3056;162500.0
-117.08,32.8,25.0,2963.0,552.0,1162.0,556.0,3.625;184500.0
-118.74,37.58,20.0,3301.0,779.0,1085.0,448.0,3.7315;159300.0
-117.97,33.63,25.0,2482.0,360.0,960.0,352.0,6.1572;344000.0
-118.18,33.87,38.0,2664.0,626.0,1627.0,604.0,3.7527;161900.0
-118.28,34.04,19.0,460.0,241.0,890.0,229.0,1.6089;162500.0
-118.56,34.22,35.0,1843.0,329.0,1041.0,317.0,4.4271;205100.0
-117.25,32.83,17.0,2075.0,262.0,704.0,241.0,10.9529;500001.0
-122.18,37.75,43.0,1036.0,233.0,652.0,213.0,2.069;84600.0
-118.14,33.79,45.0,1519.0,263.0,681.0,267.0,4.6452;212500.0
-118.2,33.96,43.0,1233.0,306.0,1190.0,282.0,2.8371;161300.0
-122.68,38.48,15.0,1575.0,262.0,716.0,259.0,5.3409;244600.0
-117.97,34.1,26.0,1399.0,277.0,1285.0,276.0,4.0;160100.0
-117.05,32.95,17.0,4814.0,1091.0,3013.0,1078.0,3.2369;167800.0
-121.62,39.79,11.0,3835.0,727.0,1456.0,658.0,2.5374;97200.0
-122.41,37.73,33.0,2789.0,567.0,1682.0,552.0,3.8643;276200.0
-117.03,32.73,38.0,3174.0,606.0,1557.0,619.0,3.5861;123600.0
-118.05,33.78,25.0,3112.0,435.0,1098.0,401.0,6.0;353500.0
-122.43,37.8,52.0,3172.0,848.0,1259.0,806.0,4.1047;466700.0
-120.82,37.49,25.0,1611.0,285.0,882.0,261.0,3.5547;122400.0
-118.47,34.25,34.0,1732.0,399.0,1120.0,401.0,4.1492;195700.0
-118.4,34.16,45.0,1176.0,250.0,471.0,228.0,2.3333;364700.0
-117.75,34.07,52.0,2550.0,586.0,1246.0,576.0,1.6006;146200.0
-118.42,34.18,31.0,2887.0,646.0,1626.0,637.0,3.6745;335500.0
-117.97,34.14,33.0,1328.0,348.0,903.0,329.0,3.1094;136000.0
-122.27,37.85,42.0,1639.0,367.0,929.0,366.0,1.7135;159800.0
-118.2,33.96,44.0,3114.0,779.0,2959.0,776.0,3.1875;171700.0
-117.89,33.6,40.0,1639.0,352.0,498.0,278.0,5.6336;500001.0
-118.33,33.99,44.0,1918.0,387.0,1041.0,364.0,2.8542;126500.0
-121.4,38.61,37.0,1994.0,347.0,782.0,355.0,4.1488;136400.0
-117.64,33.45,27.0,334.0,56.0,130.0,46.0,4.875;284100.0
-119.87,36.72,30.0,1584.0,316.0,984.0,300.0,2.0658;67900.0
-121.02,37.09,17.0,1118.0,270.0,560.0,244.0,2.0216;112500.0
-121.44,38.61,34.0,172.0,38.0,149.0,55.0,2.6442;55000.0
-122.42,37.8,52.0,3823.0,1040.0,1830.0,977.0,4.2458;450000.0
-122.67,38.25,32.0,1333.0,235.0,660.0,206.0,4.0729;288500.0
-120.97,37.68,9.0,1114.0,172.0,529.0,174.0,4.7159;163700.0
-118.14,34.02,44.0,1715.0,460.0,1740.0,423.0,2.7019;153300.0
-117.3,33.23,13.0,3619.0,791.0,1759.0,806.0,2.765;98500.0
-118.45,34.01,37.0,1328.0,250.0,626.0,228.0,5.8666;440100.0
-118.04,34.1,38.0,2317.0,451.0,1155.0,426.0,4.1488;235300.0
-117.94,34.05,34.0,1519.0,304.0,1262.0,300.0,3.3409;161200.0
-121.44,38.53,37.0,1951.0,432.0,1089.0,411.0,2.3272;80600.0
-121.64,39.74,20.0,1808.0,334.0,763.0,335.0,2.3711;121800.0
-118.29,34.16,42.0,413.0,107.0,349.0,107.0,4.3438;189800.0
-122.44,37.72,52.0,1380.0,272.0,847.0,284.0,3.7143;260000.0
-118.07,33.99,39.0,552.0,151.0,807.0,168.0,3.25;153300.0
-117.87,33.88,24.0,2655.0,702.0,1519.0,708.0,3.3036;183900.0
-122.73,38.4,30.0,3689.0,746.0,2250.0,697.0,2.975;157300.0
-117.9,33.71,16.0,4208.0,630.0,2592.0,662.0,6.1966;260500.0
-121.34,38.66,16.0,3154.0,860.0,1837.0,793.0,1.9805;92900.0
-118.95,35.37,37.0,1475.0,327.0,946.0,295.0,1.6728;55400.0
-117.95,33.98,15.0,16042.0,2602.0,7732.0,2552.0,5.6716;330400.0
-119.77,36.72,43.0,1763.0,389.0,1623.0,390.0,1.4427;47700.0
-120.39,34.52,40.0,2162.0,395.0,1010.0,332.0,2.5667;239300.0
-122.05,37.89,37.0,1677.0,269.0,689.0,283.0,4.2625;310600.0
-118.03,34.07,37.0,1091.0,269.0,905.0,242.0,3.1042;152000.0
-118.41,33.88,40.0,925.0,254.0,371.0,227.0,5.2533;500001.0
-122.34,41.21,26.0,178.0,40.0,55.0,25.0,2.0375;57500.0
-117.24,33.17,4.0,9998.0,1874.0,3925.0,1672.0,4.2826;237500.0
-118.61,34.17,19.0,5944.0,1345.0,2372.0,1250.0,3.8819;328900.0
-117.87,34.08,33.0,3630.0,800.0,2257.0,796.0,3.2469;206900.0
-121.94,37.93,16.0,3421.0,427.0,1341.0,428.0,7.5695;320400.0
-118.27,33.92,34.0,1178.0,260.0,1166.0,244.0,1.9185;93300.0
-117.26,32.95,34.0,1651.0,273.0,650.0,271.0,5.6582;500001.0
-119.63,36.35,4.0,1684.0,343.0,920.0,324.0,4.2396;90600.0
-117.99,34.15,44.0,2492.0,611.0,1951.0,596.0,3.1304;185600.0
-119.77,36.84,15.0,2058.0,412.0,891.0,378.0,3.2569;124400.0
-117.96,33.86,35.0,2181.0,371.0,1249.0,358.0,4.2937;183200.0
-118.45,33.96,24.0,3097.0,791.0,1075.0,639.0,5.723;500001.0
-122.25,37.39,33.0,370.0,42.0,153.0,53.0,10.6514;500001.0
-121.28,37.97,47.0,2348.0,507.0,1455.0,479.0,1.65;66000.0
-121.28,38.76,47.0,2901.0,631.0,1276.0,578.0,2.1366;101900.0
-117.14,32.76,28.0,3025.0,756.0,1328.0,695.0,2.694;164100.0
-120.94,37.61,13.0,3309.0,603.0,1796.0,555.0,3.8372;129300.0
-118.61,34.2,16.0,1718.0,467.0,896.0,475.0,3.6296;160900.0
-118.14,33.77,51.0,2812.0,621.0,1171.0,566.0,3.875;342900.0
-119.73,34.42,23.0,1364.0,227.0,638.0,238.0,5.3279;413900.0
-119.73,36.77,24.0,4410.0,939.0,2362.0,862.0,2.9406;73000.0
-118.12,34.06,25.0,1526.0,388.0,1304.0,378.0,3.1892;214700.0
-116.9,33.98,30.0,3915.0,672.0,1820.0,643.0,3.6339;98600.0
-117.09,32.57,23.0,1817.0,323.0,1371.0,327.0,3.6736;139500.0
-118.18,34.06,33.0,278.0,71.0,266.0,56.0,0.8941;98200.0
-118.44,34.24,35.0,2344.0,435.0,1531.0,399.0,3.725;178200.0
-121.91,37.47,13.0,5377.0,744.0,2759.0,760.0,6.868;337300.0
-117.9,33.64,36.0,2017.0,357.0,850.0,348.0,5.0532;310900.0
-118.48,34.02,11.0,72.0,16.0,150.0,20.0,2.625;250000.0
-117.9,33.88,28.0,2696.0,346.0,947.0,356.0,9.0055;375400.0
-121.08,37.69,19.0,6473.0,1212.0,3559.0,1123.0,3.2246;129300.0
-119.73,36.81,19.0,1699.0,356.0,994.0,368.0,2.7778;79700.0
-120.41,38.33,17.0,1463.0,338.0,529.0,226.0,3.024;100900.0
-124.16,40.79,46.0,3042.0,597.0,1206.0,541.0,2.1135;90600.0
-119.69,36.41,38.0,1016.0,202.0,540.0,187.0,2.2885;75000.0
-118.27,34.16,15.0,5036.0,1299.0,3164.0,1175.0,2.9148;238700.0
-118.28,34.08,40.0,1630.0,543.0,1568.0,510.0,2.7366;169100.0
-117.79,33.69,15.0,1875.0,316.0,890.0,316.0,6.5783;244800.0
-122.32,37.94,47.0,1911.0,283.0,697.0,275.0,6.2712;267700.0
-118.23,33.95,42.0,705.0,173.0,739.0,140.0,0.9166;99000.0
-122.34,37.95,44.0,1675.0,317.0,806.0,311.0,3.0694;135300.0
-118.43,34.3,33.0,2443.0,498.0,1601.0,484.0,4.0223;146000.0
-121.79,38.01,17.0,4032.0,814.0,1749.0,618.0,3.1728;146800.0
-122.06,38.25,36.0,1818.0,323.0,953.0,298.0,3.3153;99000.0
-118.27,33.95,29.0,1579.0,351.0,1056.0,322.0,2.3056;98500.0
-118.38,34.03,43.0,912.0,255.0,705.0,246.0,2.6402;185700.0
-122.36,38.41,18.0,1808.0,400.0,968.0,370.0,3.7067;175000.0
-116.95,32.82,18.0,3038.0,592.0,1904.0,595.0,3.8024;144900.0
-122.38,40.2,16.0,2722.0,511.0,1366.0,495.0,2.8447;87700.0
-117.2,32.79,31.0,3417.0,533.0,1245.0,532.0,4.7788;276000.0
-120.23,39.56,14.0,1781.0,346.0,734.0,287.0,2.46;93000.0
-119.81,36.72,46.0,1414.0,268.0,902.0,243.0,1.5833;56700.0
-122.16,37.45,19.0,2207.0,810.0,1304.0,775.0,2.1406;402500.0
-117.15,32.75,40.0,2261.0,579.0,903.0,525.0,2.465;198700.0
-121.27,37.93,24.0,1451.0,320.0,1413.0,283.0,2.125;61200.0
-120.78,38.73,31.0,3117.0,616.0,1606.0,588.0,2.9844;127900.0
-117.78,33.68,11.0,1994.0,477.0,849.0,411.0,4.0187;235600.0
-118.29,33.89,32.0,2355.0,583.0,1605.0,571.0,4.2171;218200.0
-118.51,34.3,24.0,6145.0,868.0,2710.0,875.0,7.5078;344000.0
-121.96,37.3,20.0,4228.0,1006.0,2334.0,1007.0,4.3081;227300.0
-117.41,33.96,32.0,2837.0,617.0,1393.0,595.0,2.3798;118800.0
-118.3,33.82,25.0,2659.0,765.0,2629.0,726.0,2.6368;175900.0
-122.18,37.45,37.0,5257.0,1360.0,2128.0,1264.0,4.0;394300.0
-118.32,34.1,28.0,1759.0,716.0,1463.0,620.0,1.7306;450000.0
-119.52,36.71,21.0,1834.0,321.0,1120.0,314.0,2.59;69300.0
-118.13,33.76,44.0,1543.0,463.0,652.0,406.0,4.25;439300.0
-118.03,33.82,17.0,2178.0,477.0,1077.0,457.0,3.6815;245300.0
-117.84,33.8,34.0,2004.0,331.0,843.0,328.0,3.59;230600.0
-119.02,35.42,40.0,1912.0,439.0,1015.0,413.0,1.4598;52600.0
-122.25,37.79,51.0,175.0,43.0,228.0,55.0,2.1;75000.0
-121.89,37.33,49.0,658.0,318.0,467.0,316.0,0.7068;200000.0
-118.47,34.23,22.0,8350.0,2717.0,9135.0,2452.0,2.5008;160000.0
-122.29,37.56,12.0,6474.0,1467.0,2516.0,1390.0,5.0353;305800.0
-118.49,34.24,34.0,1971.0,316.0,917.0,307.0,6.0965;262300.0
-122.23,37.75,50.0,1542.0,289.0,654.0,268.0,3.9632;240000.0
-118.54,36.12,11.0,4103.0,882.0,356.0,171.0,2.1029;99100.0
-117.11,32.58,28.0,1869.0,407.0,1074.0,344.0,2.5988;135600.0
-117.94,33.62,28.0,1765.0,390.0,832.0,349.0,6.5928;439100.0
-118.96,37.64,11.0,3934.0,697.0,901.0,345.0,4.2381;242700.0
-122.31,40.47,26.0,2723.0,551.0,1326.0,547.0,2.3594;66000.0
-118.06,34.02,25.0,3548.0,639.0,2653.0,664.0,5.2557;188800.0
-119.05,35.36,30.0,4635.0,800.0,2307.0,754.0,3.6548;84700.0
-117.24,34.15,26.0,2041.0,293.0,936.0,375.0,6.0;140200.0
-119.78,36.78,31.0,2164.0,456.0,959.0,463.0,2.3293;73400.0
-122.42,37.76,52.0,2038.0,629.0,2007.0,596.0,2.5701;266700.0
-117.9,33.78,25.0,10336.0,2596.0,7111.0,2419.0,3.3627;197900.0
-117.04,32.58,20.0,2029.0,357.0,1497.0,353.0,4.0089;132100.0
-122.24,37.8,52.0,996.0,228.0,731.0,228.0,2.2697;127000.0
-118.21,33.79,39.0,1598.0,458.0,1691.0,399.0,2.3605;141800.0
-115.52,32.97,10.0,1879.0,387.0,1376.0,337.0,1.9911;67500.0
-117.96,33.65,23.0,5379.0,684.0,1826.0,555.0,7.0151;350600.0
-118.44,34.28,37.0,944.0,244.0,1107.0,235.0,1.9688;144100.0
-118.35,34.17,44.0,2572.0,613.0,1280.0,570.0,3.5583;232000.0
-117.25,32.8,37.0,1096.0,260.0,490.0,267.0,3.2663;270600.0
-122.59,38.58,18.0,3753.0,752.0,1454.0,668.0,3.7585;185700.0
-118.44,34.26,34.0,1102.0,212.0,949.0,212.0,4.0792;165100.0
-122.86,40.56,12.0,1350.0,300.0,423.0,172.0,1.7393;81300.0
-117.92,33.63,34.0,2479.0,491.0,1131.0,490.0,4.9643;317900.0
-118.1,34.15,14.0,1442.0,369.0,782.0,343.0,2.7431;177500.0
-118.4,34.13,32.0,8262.0,1156.0,2712.0,1125.0,10.5575;500001.0
-122.31,37.93,36.0,1526.0,256.0,696.0,263.0,3.5089;261900.0
-117.96,33.8,35.0,1493.0,267.0,811.0,272.0,5.244;218000.0
-118.45,34.05,28.0,801.0,399.0,936.0,406.0,2.1875;181300.0
-118.41,33.99,36.0,1089.0,234.0,632.0,215.0,3.6538;276100.0
-118.15,34.07,44.0,1626.0,383.0,1063.0,334.0,2.4348;220700.0
-118.1,33.79,35.0,2370.0,379.0,996.0,380.0,5.7368;287200.0
-116.89,32.85,16.0,1743.0,333.0,652.0,322.0,2.8906;158300.0
-121.87,37.27,16.0,3298.0,451.0,1542.0,423.0,6.7064;305600.0
-122.22,38.11,43.0,1939.0,353.0,968.0,392.0,3.1848;112700.0
-118.31,33.87,27.0,3348.0,695.0,1545.0,625.0,4.7543;296300.0
-117.25,32.79,25.0,1627.0,375.0,735.0,378.0,3.6429;317100.0
-118.34,34.07,52.0,1621.0,284.0,588.0,272.0,6.2223;500001.0
-121.81,37.37,24.0,962.0,146.0,492.0,155.0,7.2861;328000.0
-116.32,34.1,10.0,4256.0,861.0,1403.0,686.0,2.6618;81000.0
-118.23,33.96,42.0,1977.0,570.0,2406.0,557.0,2.5913;151600.0
-121.85,39.73,52.0,444.0,80.0,1107.0,98.0,3.4191;137500.0
-122.42,37.79,52.0,2511.0,895.0,1202.0,804.0,2.6607;87500.0
-117.36,33.99,42.0,1178.0,261.0,804.0,283.0,2.9688;92900.0
-118.24,34.04,52.0,116.0,107.0,171.0,92.0,1.0769;112500.0
-118.0,34.14,31.0,1298.0,431.0,1131.0,425.0,1.0548;178100.0
-117.87,33.72,39.0,3167.0,669.0,2789.0,619.0,3.5902;165900.0
-118.18,33.9,25.0,1709.0,442.0,1177.0,410.0,2.4333;155000.0
-117.03,33.32,14.0,1088.0,209.0,601.0,193.0,3.8438;243800.0
-119.71,34.42,49.0,1560.0,436.0,1041.0,411.0,2.925;246900.0
-122.43,37.63,15.0,2748.0,997.0,1447.0,901.0,3.5214;144200.0
-122.04,37.9,20.0,5467.0,1044.0,2310.0,963.0,5.6986;275800.0
-117.35,33.68,10.0,516.0,107.0,282.0,96.0,4.2788;125000.0
-122.41,40.53,28.0,1127.0,245.0,538.0,208.0,2.037;72000.0
-121.13,37.74,21.0,2376.0,475.0,1175.0,441.0,3.6016;134600.0
-122.25,37.46,33.0,6841.0,950.0,2681.0,980.0,7.1088;443300.0
-119.16,34.28,30.0,413.0,98.0,400.0,112.0,4.0;219200.0
-122.42,37.65,39.0,4402.0,894.0,2941.0,887.0,3.8565;239800.0
-122.17,37.74,34.0,1223.0,281.0,824.0,280.0,2.2917;92500.0
-122.3,37.53,38.0,984.0,171.0,429.0,157.0,5.3261;376800.0
-117.94,33.92,32.0,1053.0,207.0,1038.0,222.0,4.6696;165500.0
-122.21,37.78,43.0,1702.0,460.0,1227.0,407.0,1.7188;126800.0
-121.54,38.5,15.0,6093.0,1051.0,2415.0,997.0,4.2075;183600.0
-121.35,38.66,8.0,3322.0,805.0,1694.0,774.0,2.7011;130700.0
-118.25,34.06,52.0,174.0,66.0,249.0,57.0,1.7763;312500.0
-120.79,38.83,15.0,1374.0,291.0,709.0,239.0,1.7222;118500.0
-118.34,34.16,46.0,1396.0,294.0,608.0,246.0,3.692;244500.0
-121.29,38.14,34.0,2770.0,544.0,1409.0,535.0,3.2338;101800.0
-120.5,37.32,13.0,1936.0,384.0,1158.0,367.0,2.75;83200.0
-117.66,35.6,14.0,1740.0,391.0,850.0,317.0,2.5812;91700.0
-117.39,34.04,27.0,2919.0,549.0,1841.0,564.0,2.8682;96400.0
-122.55,38.42,24.0,2220.0,411.0,894.0,365.0,4.2891;211700.0
-117.24,33.2,25.0,1631.0,415.0,1045.0,386.0,2.4505;147500.0
-118.31,34.26,41.0,1297.0,327.0,733.0,315.0,3.0583;160300.0
-121.94,37.24,35.0,1484.0,244.0,664.0,238.0,4.675;245300.0
-117.94,33.82,27.0,1366.0,326.0,878.0,325.0,3.4;196900.0
-122.39,40.59,26.0,1279.0,438.0,1276.0,420.0,1.2404;81300.0
-120.08,38.8,34.0,1988.0,511.0,36.0,15.0,4.625;162500.0
-118.12,33.76,45.0,3035.0,516.0,1127.0,527.0,7.0796;500001.0
-117.97,33.75,26.0,3361.0,722.0,2709.0,648.0,3.9107;190700.0
-119.28,36.54,33.0,1470.0,330.0,1222.0,301.0,1.8163;57400.0
-117.85,33.8,40.0,1461.0,286.0,1322.0,264.0,4.3269;194100.0
-119.93,38.72,15.0,2061.0,465.0,573.0,196.0,2.2417;97900.0
-118.14,34.02,45.0,1307.0,283.0,967.0,254.0,2.75;178300.0
-118.2,33.96,41.0,1512.0,400.0,1690.0,367.0,3.055;167000.0
-121.79,36.95,34.0,2152.0,430.0,1516.0,386.0,3.7863;192200.0
-116.54,33.81,31.0,6814.0,1714.0,2628.0,1341.0,2.1176;124100.0
-120.92,40.02,35.0,383.0,92.0,202.0,72.0,2.6458;102500.0
-118.46,34.23,20.0,4609.0,1499.0,5349.0,1377.0,2.7121;169400.0
-118.42,33.9,37.0,1576.0,345.0,662.0,340.0,5.308;500001.0
-119.04,34.24,20.0,7794.0,1192.0,4169.0,1188.0,5.9316;311900.0
-117.95,33.74,16.0,2768.0,600.0,1182.0,563.0,3.7162;201200.0
-118.17,33.92,36.0,2447.0,503.0,1532.0,498.0,4.3667;171800.0
-124.17,40.76,26.0,1776.0,361.0,992.0,380.0,2.8056;82800.0
-122.65,38.27,9.0,4764.0,816.0,2077.0,755.0,5.1391;234500.0
-122.15,37.75,40.0,1445.0,256.0,849.0,255.0,3.8913;126300.0
-117.0,33.74,8.0,5330.0,1529.0,2143.0,1107.0,2.1103;94400.0
-117.12,32.7,36.0,1011.0,253.0,763.0,226.0,1.8187;84100.0
-118.61,34.22,24.0,5256.0,758.0,2474.0,780.0,7.3252;333700.0
-118.25,33.88,37.0,1027.0,217.0,1042.0,254.0,2.2121;98600.0
-122.41,37.75,52.0,1057.0,276.0,837.0,292.0,2.4531;229000.0
-121.7,36.77,21.0,2294.0,478.0,1306.0,430.0,3.0347;227200.0
-121.38,37.88,44.0,1158.0,226.0,1094.0,224.0,2.6842;156300.0
-118.31,33.96,43.0,2149.0,493.0,1316.0,462.0,1.528;131800.0
-119.27,34.27,52.0,1577.0,343.0,836.0,335.0,3.5893;206600.0
-118.48,34.15,31.0,2536.0,429.0,990.0,424.0,5.4591;495500.0
-118.32,34.19,37.0,1519.0,331.0,613.0,315.0,3.0179;272500.0
-117.83,33.74,23.0,1818.0,522.0,958.0,485.0,2.6771;131500.0
-117.99,33.67,15.0,3141.0,664.0,1729.0,633.0,4.2165;234600.0
-118.37,34.07,52.0,2195.0,435.0,884.0,432.0,5.24;486400.0
-117.91,34.14,42.0,2225.0,485.0,1544.0,464.0,2.2442;166700.0
-117.06,32.67,29.0,4047.0,754.0,2353.0,730.0,4.0505;125000.0
-119.03,34.21,11.0,4528.0,729.0,2398.0,684.0,5.3044;319000.0
-118.91,35.27,29.0,1401.0,317.0,1344.0,306.0,2.0921;61400.0
-118.15,34.2,52.0,1786.0,306.0,1018.0,322.0,4.1518;182100.0
-118.05,33.86,16.0,2851.0,626.0,1985.0,603.0,5.4089;265600.0
-117.94,33.71,18.0,3695.0,602.0,1779.0,572.0,5.9449;276500.0
-119.23,34.44,34.0,3193.0,664.0,1434.0,627.0,2.4777;260300.0
-119.21,34.19,15.0,5614.0,989.0,2754.0,994.0,5.035;242900.0
-118.06,34.14,40.0,2662.0,379.0,1151.0,387.0,8.4889;500001.0
-118.18,34.07,28.0,2616.0,630.0,2218.0,621.0,2.6842;156000.0
-117.59,34.1,17.0,3646.0,1035.0,1987.0,895.0,2.3603;139300.0
-118.38,34.08,52.0,1479.0,360.0,652.0,346.0,2.945;431400.0
-122.47,37.78,52.0,2169.0,522.0,1220.0,505.0,3.1989;446900.0
-122.3,38.3,44.0,3690.0,809.0,1922.0,736.0,2.6346;139800.0
-117.92,33.88,32.0,1683.0,273.0,719.0,263.0,5.3649;243600.0
-117.12,32.93,7.0,1427.0,243.0,927.0,239.0,5.3625;218900.0
-122.04,37.99,36.0,2765.0,495.0,1478.0,441.0,4.125;136200.0
-117.81,33.67,8.0,2440.0,502.0,1113.0,483.0,4.6019;242500.0
-121.33,38.67,17.0,2683.0,704.0,1410.0,659.0,1.962;130200.0
-117.22,33.66,12.0,1869.0,356.0,1007.0,323.0,3.125;117200.0
-120.1,36.66,19.0,2020.0,416.0,1341.0,360.0,1.7;69000.0
-117.19,34.94,31.0,2034.0,444.0,1097.0,367.0,2.1522;60800.0
-117.83,33.66,15.0,2355.0,438.0,747.0,450.0,6.5356;272800.0
-117.98,33.66,26.0,3527.0,547.0,1615.0,542.0,6.1624;279400.0
-122.44,37.78,44.0,1545.0,334.0,561.0,326.0,3.875;412500.0
-122.23,37.79,52.0,1783.0,395.0,1659.0,412.0,2.9357;107900.0
-121.89,37.46,5.0,1519.0,186.0,705.0,186.0,10.3798;500001.0
-117.17,34.28,13.0,4867.0,718.0,780.0,250.0,7.1997;253800.0
-121.91,37.25,31.0,1944.0,343.0,975.0,334.0,4.9205;240500.0
-118.24,34.15,45.0,1235.0,271.0,499.0,263.0,3.1435;282600.0
-121.52,38.5,19.0,4900.0,805.0,2519.0,855.0,4.8497;184400.0
-118.16,34.13,36.0,4003.0,647.0,1337.0,631.0,7.723;500001.0
-121.09,38.03,21.0,2064.0,342.0,1021.0,359.0,4.517;152200.0
-117.05,33.52,5.0,3471.0,530.0,1541.0,502.0,4.8083;347700.0
-121.25,38.66,26.0,3670.0,556.0,1616.0,550.0,5.02;169600.0
-117.08,34.03,23.0,3862.0,699.0,2082.0,652.0,3.154;115700.0
-117.74,34.09,30.0,3199.0,591.0,2192.0,563.0,3.4871;136400.0
-119.63,36.34,26.0,1463.0,261.0,699.0,219.0,3.5536;71400.0
-118.13,33.8,36.0,1026.0,182.0,505.0,176.0,4.3438;233600.0
-118.17,33.97,33.0,2410.0,641.0,2106.0,593.0,2.2422;168200.0
-117.84,33.6,21.0,4281.0,582.0,1443.0,576.0,9.0519;500001.0
-115.57,32.85,17.0,1039.0,256.0,728.0,246.0,1.7411;63500.0
-118.15,33.87,33.0,2373.0,552.0,1673.0,571.0,3.0685;181800.0
-121.0,39.23,15.0,2809.0,450.0,1267.0,408.0,4.0426;191700.0
-117.25,34.15,22.0,7935.0,1976.0,4523.0,1791.0,2.1465;88800.0
-117.96,33.99,25.0,2799.0,388.0,1348.0,389.0,6.2517;311100.0
-117.37,33.98,27.0,1342.0,547.0,844.0,484.0,1.1194;95800.0
-122.47,37.76,52.0,2680.0,740.0,1587.0,713.0,2.5933;359600.0
-120.71,35.27,9.0,2568.0,421.0,1149.0,398.0,5.4287;331600.0
-118.15,34.67,5.0,12317.0,2953.0,6291.0,2654.0,3.5732;146900.0
-118.12,33.91,36.0,1432.0,265.0,749.0,261.0,3.5772;207400.0
-122.71,38.34,22.0,1249.0,335.0,699.0,308.0,2.6033;121600.0
-122.59,38.04,25.0,3412.0,455.0,1238.0,406.0,8.3646;397300.0
-118.31,34.03,52.0,1902.0,406.0,1233.0,385.0,2.8295;132200.0
-118.4,34.14,52.0,1695.0,281.0,595.0,264.0,6.0678;399300.0
-121.88,36.96,18.0,4910.0,817.0,1971.0,773.0,5.8325;308800.0
-122.67,38.31,28.0,1915.0,419.0,930.0,342.0,3.7875;292700.0
-117.9,33.91,26.0,2885.0,476.0,1227.0,439.0,4.9524;226600.0
-117.29,33.05,28.0,1146.0,338.0,672.0,292.0,3.1667;300000.0
-119.03,36.13,24.0,2259.0,408.0,1169.0,395.0,1.7106;95500.0
-121.84,39.73,52.0,957.0,263.0,513.0,223.0,1.3672;55000.0
-118.33,33.82,26.0,5591.0,934.0,2824.0,939.0,6.5861;417800.0
-115.57,32.79,34.0,1152.0,208.0,621.0,208.0,3.6042;73600.0
-117.84,34.1,17.0,7836.0,1624.0,4419.0,1526.0,3.8465;180700.0
-118.3,34.26,43.0,1510.0,310.0,809.0,277.0,3.599;176500.0
-119.44,36.6,34.0,864.0,184.0,579.0,171.0,2.0417;72500.0
-121.83,37.27,8.0,4454.0,1058.0,2595.0,1027.0,4.5615;282600.0
-117.83,33.89,25.0,1737.0,270.0,840.0,265.0,4.625;245700.0
-117.81,33.73,17.0,1063.0,189.0,363.0,183.0,2.1719;261300.0
-117.87,33.87,7.0,2663.0,642.0,1367.0,677.0,4.6563;162400.0
-117.25,33.2,10.0,2050.0,473.0,1302.0,471.0,2.7961;131300.0
-121.9,37.29,36.0,1389.0,225.0,623.0,223.0,6.6331;283300.0
-117.1,32.75,11.0,1976.0,548.0,1528.0,512.0,1.4886;89800.0
-122.25,37.83,28.0,5022.0,1750.0,2558.0,1661.0,2.4234;218500.0
-119.56,36.08,37.0,766.0,189.0,639.0,190.0,1.6607;42100.0
-121.74,39.38,27.0,2596.0,435.0,1100.0,409.0,2.3243;85500.0
-115.62,33.04,17.0,1009.0,231.0,745.0,217.0,2.0463;61200.0
-122.16,38.05,52.0,1888.0,457.0,830.0,408.0,3.1373;185100.0
-121.15,38.68,6.0,9798.0,1551.0,4583.0,1494.0,5.0159;189600.0
-117.89,33.61,41.0,1790.0,361.0,540.0,284.0,6.0247;500001.0
-118.86,34.22,22.0,1230.0,200.0,673.0,195.0,6.2708;251400.0
-118.14,33.86,37.0,1404.0,257.0,652.0,258.0,4.2062;195400.0
-117.32,33.17,18.0,2143.0,299.0,828.0,283.0,4.2383;239000.0
-122.29,37.81,23.0,1745.0,374.0,1054.0,325.0,0.8026;112500.0
-121.96,37.35,37.0,1755.0,325.0,699.0,321.0,3.925;251300.0
-117.28,32.84,41.0,1420.0,338.0,640.0,314.0,2.9306;360300.0
-118.13,34.08,35.0,2517.0,662.0,1883.0,607.0,2.5787;223000.0
-118.35,33.93,25.0,2260.0,692.0,1603.0,673.0,2.11;223300.0
-122.14,37.47,37.0,3373.0,815.0,2909.0,705.0,2.8868;156600.0
-117.7,33.63,16.0,4428.0,745.0,1525.0,682.0,5.2325;286800.0
-117.25,32.81,39.0,1846.0,350.0,765.0,329.0,3.9187;311900.0
-117.97,33.73,18.0,3698.0,574.0,2046.0,614.0,6.2984;269800.0
-117.57,33.88,35.0,1755.0,446.0,1453.0,428.0,2.316;119400.0
-117.2,32.84,32.0,2033.0,394.0,989.0,389.0,3.2583;181400.0
-121.99,38.36,33.0,146.0,31.0,75.0,31.0,3.5179;84400.0
-122.0,38.35,24.0,745.0,116.0,300.0,115.0,3.6176;158500.0
-117.91,33.84,35.0,1244.0,324.0,1603.0,322.0,2.9583;175400.0
-117.25,32.77,35.0,2494.0,690.0,1126.0,624.0,4.0313;385300.0
-121.96,37.3,23.0,4040.0,843.0,2181.0,843.0,4.0403;303400.0
-117.21,32.8,19.0,786.0,282.0,525.0,229.0,1.7273;137500.0
-122.31,37.56,45.0,1792.0,301.0,829.0,318.0,4.9013;330100.0
-118.47,34.14,36.0,2873.0,420.0,850.0,379.0,8.153;500001.0
-122.53,37.87,20.0,1814.0,282.0,658.0,253.0,7.9977;400000.0
-118.99,36.07,21.0,983.0,165.0,672.0,169.0,2.975;63900.0
-117.21,34.14,16.0,1613.0,245.0,811.0,267.0,5.2591;140700.0
-117.32,34.09,38.0,1585.0,345.0,1347.0,368.0,2.375;75300.0
-120.6,35.12,22.0,3342.0,644.0,1342.0,593.0,3.4509;217700.0
-122.19,37.45,18.0,1636.0,414.0,853.0,439.0,5.1032;464600.0
-118.27,34.24,30.0,2180.0,369.0,1050.0,390.0,6.3688;277600.0
-122.44,37.75,46.0,1519.0,291.0,573.0,289.0,4.2667;338800.0
-117.93,34.07,36.0,1207.0,209.0,683.0,213.0,5.3559;207300.0
-118.21,33.99,39.0,47.0,16.0,51.0,23.0,3.2188;112500.0
-119.15,34.17,22.0,1612.0,334.0,1431.0,335.0,4.8125;194400.0
-122.1,37.68,37.0,1352.0,342.0,691.0,324.0,3.4032;196900.0
-124.09,40.88,50.0,921.0,187.0,420.0,187.0,2.2188;105800.0
-117.97,33.96,30.0,4873.0,667.0,1995.0,638.0,7.2472;441900.0
-123.36,39.25,17.0,1087.0,254.0,522.0,202.0,2.5875;144500.0
-116.94,32.82,35.0,1737.0,285.0,826.0,294.0,3.2411;159200.0
-121.87,37.26,17.0,1051.0,172.0,446.0,173.0,5.6652;234500.0
-118.05,34.11,42.0,3677.0,627.0,1779.0,622.0,5.1509;426500.0
-120.18,36.59,25.0,948.0,198.0,613.0,171.0,2.3026;90600.0
-119.64,36.34,32.0,2958.0,670.0,1504.0,627.0,1.8606;56700.0
-122.27,37.43,33.0,1601.0,223.0,629.0,215.0,15.0001;500001.0
-118.4,34.17,24.0,4443.0,1283.0,2421.0,1180.0,2.2652;269200.0
-118.14,34.09,28.0,4164.0,1127.0,2934.0,1014.0,2.7483;218800.0
-120.09,39.4,17.0,1076.0,283.0,171.0,64.0,2.125;83900.0
-117.33,33.17,11.0,10923.0,2041.0,4773.0,1858.0,4.0791;281300.0
-117.17,33.83,7.0,77.0,12.0,64.0,15.0,4.6;187500.0
-117.23,33.2,29.0,3372.0,720.0,1770.0,693.0,3.5109;166000.0
-118.55,34.19,36.0,978.0,170.0,475.0,192.0,4.675;222500.0
-118.0,34.08,29.0,2003.0,401.0,1520.0,364.0,3.994;195300.0
-122.5,37.59,36.0,1521.0,253.0,736.0,241.0,4.3542;237500.0
-121.34,38.02,30.0,4375.0,689.0,2038.0,709.0,5.1202;133800.0
-117.76,34.12,16.0,9020.0,1509.0,3575.0,1486.0,4.2415;275700.0
-118.35,34.19,45.0,903.0,190.0,557.0,204.0,4.0313;209100.0
-115.55,32.98,33.0,2266.0,365.0,952.0,360.0,5.4349;143000.0
-117.15,34.04,14.0,2845.0,420.0,1172.0,377.0,7.5822;283100.0
-122.7,38.43,28.0,1585.0,412.0,1362.0,424.0,1.6685;114100.0
-122.42,37.73,35.0,1791.0,322.0,988.0,304.0,4.5769;254500.0
-121.06,37.7,7.0,9374.0,1847.0,4827.0,1722.0,3.462;151900.0
-121.13,38.55,8.0,530.0,109.0,398.0,96.0,4.2031;212500.0
-118.35,33.83,36.0,1102.0,193.0,522.0,172.0,6.1187;342000.0
-118.21,33.79,44.0,121.0,29.0,153.0,30.0,2.1964;150000.0
-121.92,37.28,26.0,6201.0,783.0,2381.0,819.0,7.9819;397000.0
-118.29,34.09,43.0,1583.0,658.0,1941.0,614.0,1.9835;225000.0
-117.25,33.08,14.0,7208.0,1012.0,3097.0,1014.0,6.617;285200.0
-121.37,38.61,39.0,823.0,146.0,329.0,144.0,3.0833;114100.0
-118.12,33.9,38.0,1222.0,282.0,756.0,256.0,4.125;173900.0
-118.03,33.91,32.0,4040.0,832.0,2526.0,798.0,3.2143;160100.0
-118.28,34.02,29.0,515.0,229.0,2690.0,217.0,0.4999;500001.0
-117.13,33.13,17.0,3164.0,652.0,1123.0,699.0,2.082;80000.0
-122.5,37.78,46.0,2646.0,607.0,1418.0,563.0,3.7167;332800.0
-117.6,33.41,29.0,2193.0,389.0,922.0,387.0,4.5476;309200.0
-122.98,38.44,29.0,4450.0,939.0,1328.0,590.0,3.1;162100.0
-117.14,33.39,17.0,2889.0,587.0,1931.0,510.0,3.8547;208300.0
-119.23,34.27,29.0,3298.0,804.0,1509.0,711.0,3.8125;244500.0
-119.35,36.22,29.0,2051.0,351.0,915.0,343.0,3.1944;106800.0
-117.68,34.08,28.0,2459.0,492.0,1230.0,498.0,3.0978;137200.0
-120.99,37.64,50.0,683.0,189.0,459.0,195.0,1.8162;70000.0
-119.14,34.15,25.0,2202.0,390.0,1415.0,412.0,4.43;207700.0
-121.41,38.6,16.0,5407.0,1467.0,2523.0,1265.0,2.0471;104200.0
-118.03,34.14,31.0,4353.0,1117.0,2338.0,1037.0,3.0727;242600.0
-120.69,35.52,26.0,2758.0,571.0,1291.0,522.0,2.925;181400.0
-117.83,33.77,22.0,2956.0,642.0,1342.0,558.0,4.1151;203200.0
-118.41,33.92,22.0,2340.0,584.0,1141.0,554.0,4.5729;337500.0
-118.92,35.13,29.0,1297.0,262.0,909.0,253.0,1.9236;106300.0
-120.21,36.77,20.0,1745.0,348.0,1093.0,302.0,2.3194;90600.0
-118.19,33.83,42.0,1773.0,360.0,815.0,299.0,4.9;406300.0
-118.22,33.96,36.0,1542.0,458.0,1711.0,468.0,1.9028;164200.0
-118.11,33.73,32.0,1258.0,333.0,645.0,334.0,5.0476;500001.0
-118.57,34.2,33.0,1759.0,311.0,943.0,315.0,5.223;209200.0
-121.93,37.49,5.0,1150.0,311.0,648.0,245.0,3.5714;300000.0
-120.34,38.23,10.0,3757.0,722.0,546.0,223.0,3.75;121400.0
-118.92,34.4,23.0,1290.0,283.0,1060.0,279.0,3.3152;198000.0
-116.88,33.05,11.0,7217.0,1583.0,4197.0,1502.0,2.8827;166700.0
-116.61,33.93,35.0,321.0,71.0,157.0,61.0,2.8056;68100.0
-122.26,37.5,52.0,878.0,186.0,393.0,186.0,3.7045;360500.0
-122.07,37.71,36.0,2879.0,480.0,1235.0,455.0,4.9801;241500.0
-117.96,34.07,35.0,2819.0,529.0,1508.0,485.0,4.6118;191700.0
-121.6,39.77,26.0,1503.0,343.0,699.0,296.0,1.875;84000.0
-117.81,33.68,4.0,1545.0,304.0,788.0,296.0,4.5469;500001.0
-117.91,33.63,32.0,1122.0,233.0,557.0,223.0,3.5388;407000.0
-120.48,37.29,17.0,2266.0,693.0,3200.0,664.0,1.5635;60400.0
-117.23,33.96,5.0,9179.0,1361.0,4573.0,1294.0,5.253;163300.0
-117.91,33.84,25.0,1021.0,252.0,975.0,258.0,3.125;168100.0
-122.42,37.66,28.0,3520.0,672.0,1746.0,602.0,4.9236;273500.0
-118.2,33.97,43.0,825.0,212.0,820.0,184.0,1.8897;174300.0
-119.78,36.76,47.0,1425.0,323.0,949.0,325.0,1.7344;51300.0
-117.88,34.11,18.0,2923.0,670.0,1751.0,656.0,3.2383;157000.0
-121.57,39.1,28.0,1442.0,333.0,832.0,286.0,1.8413;62300.0
-119.78,36.78,37.0,2185.0,455.0,1143.0,438.0,1.9784;70700.0
-118.25,33.96,42.0,1326.0,295.0,918.0,258.0,2.3864;98800.0
-118.85,34.17,42.0,564.0,96.0,220.0,81.0,4.5625;318800.0
-118.32,33.94,37.0,1487.0,296.0,863.0,291.0,3.1563;186200.0
-121.09,37.61,42.0,1787.0,296.0,921.0,287.0,3.8864;171400.0
-121.2,38.73,11.0,4897.0,636.0,1931.0,616.0,7.7499;334800.0
-121.45,38.7,24.0,2159.0,369.0,1141.0,355.0,3.9853;90400.0
-118.12,33.92,27.0,6336.0,1628.0,4673.0,1505.0,2.5893;183700.0
-122.86,38.42,38.0,1166.0,223.0,584.0,225.0,3.6667;244400.0
-118.35,34.0,46.0,3402.0,503.0,1389.0,504.0,5.3462;270400.0
-118.82,35.23,31.0,2358.0,580.0,2302.0,574.0,1.9688;53900.0
-121.98,38.36,30.0,140.0,35.0,103.0,35.0,4.163;112500.0
-118.08,33.86,17.0,2259.0,383.0,1378.0,386.0,5.8733;287000.0
-117.96,33.83,29.0,1194.0,176.0,474.0,170.0,6.1001;298900.0
-121.93,37.4,34.0,148.0,28.0,132.0,13.0,3.375;67500.0
-121.36,38.63,30.0,2619.0,370.0,940.0,359.0,4.7283;164500.0
-119.59,34.39,35.0,622.0,170.0,278.0,139.0,3.6969;335000.0
-122.41,37.81,31.0,3991.0,1311.0,2305.0,1201.0,1.8981;500001.0
-118.1,33.9,35.0,1151.0,248.0,809.0,246.0,4.7813;160000.0
-121.33,37.97,43.0,1511.0,292.0,721.0,320.0,3.5703;87400.0
-117.2,34.24,22.0,8106.0,1665.0,1062.0,423.0,3.0434;137200.0
-122.24,37.76,52.0,1846.0,471.0,827.0,446.0,2.6833;240900.0
-118.41,34.03,20.0,4374.0,1311.0,2165.0,1185.0,3.6019;463600.0
-117.04,32.68,11.0,1875.0,357.0,1014.0,386.0,4.375;115000.0
-118.09,34.01,36.0,1465.0,363.0,1538.0,342.0,3.5469;150600.0
-123.79,39.5,24.0,1421.0,291.0,588.0,274.0,2.325;157300.0
-119.02,35.42,36.0,2044.0,447.0,1021.0,374.0,1.8472;57400.0
-120.11,36.96,17.0,3344.0,570.0,1624.0,536.0,3.8952;95300.0
-122.91,39.05,27.0,789.0,208.0,295.0,108.0,3.7667;95000.0
-118.12,33.91,34.0,682.0,132.0,491.0,144.0,4.6389;173800.0
-120.19,36.6,25.0,875.0,214.0,931.0,214.0,1.5536;58300.0
-118.14,34.14,24.0,10239.0,2823.0,4210.0,2565.0,3.6997;225000.0
-122.45,37.71,52.0,1658.0,322.0,1086.0,326.0,3.8583;261600.0
-118.39,34.05,42.0,1467.0,203.0,577.0,204.0,6.6368;500001.0
-122.44,37.8,52.0,3149.0,719.0,1145.0,658.0,4.625;500001.0
-117.24,33.85,8.0,1031.0,201.0,606.0,179.0,2.8194;136300.0
-122.02,37.92,26.0,5077.0,640.0,1872.0,636.0,7.4713;351200.0
-122.25,37.82,52.0,1424.0,289.0,550.0,253.0,5.0917;262500.0
-120.26,39.32,24.0,6012.0,1227.0,780.0,358.0,3.0043;122100.0
-122.04,37.63,33.0,952.0,172.0,369.0,159.0,3.2331;226700.0
-117.41,34.11,29.0,3999.0,772.0,2602.0,760.0,3.5481;105500.0
-116.49,33.8,13.0,8789.0,1875.0,1274.0,688.0,3.7396;148900.0
-118.09,34.07,38.0,1036.0,226.0,1058.0,235.0,3.2578;184200.0
-118.38,34.06,31.0,4345.0,1158.0,1987.0,1070.0,2.8233;310000.0
-118.3,34.16,40.0,1875.0,460.0,869.0,438.0,3.2321;243600.0
-118.08,33.91,36.0,1551.0,297.0,1100.0,322.0,5.1187;168100.0
-121.81,37.99,22.0,2331.0,359.0,1086.0,340.0,5.1435;150800.0
-117.77,34.07,29.0,2976.0,662.0,2452.0,633.0,3.0638;113600.0
-121.48,38.55,52.0,2508.0,360.0,832.0,345.0,7.1035;228700.0
-118.65,34.18,26.0,4607.0,656.0,1769.0,643.0,7.4918;367600.0
-117.27,32.84,34.0,1655.0,450.0,870.0,411.0,3.2109;376000.0
-120.97,37.61,16.0,1326.0,375.0,884.0,375.0,1.871;103900.0
-117.68,33.55,5.0,2262.0,427.0,1016.0,402.0,6.065;315500.0
-117.66,34.06,39.0,1405.0,339.0,1489.0,336.0,1.608;91800.0
-121.26,37.96,43.0,940.0,208.0,690.0,181.0,2.3056;62300.0
-121.85,37.36,18.0,1525.0,485.0,1705.0,448.0,3.7198;128600.0
-117.73,33.49,31.0,5112.0,778.0,1530.0,648.0,10.3983;500001.0
-118.39,34.17,26.0,6429.0,1611.0,2806.0,1491.0,3.1929;265200.0
-120.12,38.12,37.0,3355.0,666.0,338.0,136.0,2.0625;88900.0
-117.89,33.9,23.0,1533.0,226.0,693.0,230.0,7.898;258200.0
-121.94,38.37,17.0,7973.0,1591.0,2899.0,1502.0,2.8357;120100.0
-118.27,33.91,32.0,2238.0,471.0,1292.0,467.0,1.1705;110600.0
-117.91,34.02,17.0,5973.0,1384.0,4349.0,1229.0,3.2799;199300.0
-122.41,37.75,52.0,2524.0,559.0,1430.0,476.0,3.4073;254700.0
-122.23,37.77,52.0,772.0,179.0,409.0,160.0,3.3214;189600.0
-124.08,40.86,18.0,1287.0,484.0,805.0,502.0,1.1157;150000.0
-117.68,35.64,15.0,3253.0,573.0,1408.0,586.0,5.2043;95700.0
-117.82,33.68,3.0,3068.0,494.0,1357.0,486.0,7.9187;333600.0
-118.17,34.03,42.0,882.0,292.0,1248.0,281.0,2.761;120000.0
-121.18,38.8,18.0,2541.0,414.0,1276.0,405.0,5.1857;220100.0
-121.91,37.3,43.0,828.0,151.0,446.0,145.0,4.4375;327600.0
-118.41,33.9,39.0,2311.0,404.0,1044.0,380.0,8.468;472100.0
-121.44,38.54,44.0,2570.0,509.0,1145.0,503.0,2.5694;92400.0
-122.49,37.76,49.0,1637.0,304.0,729.0,281.0,4.3281;323100.0
-118.32,34.0,50.0,3250.0,693.0,2300.0,675.0,1.95;112600.0
-118.35,33.87,28.0,2319.0,579.0,1369.0,564.0,3.6169;257000.0
-118.31,34.19,42.0,724.0,149.0,420.0,150.0,3.0625;361700.0
-119.76,36.76,23.0,3800.0,1003.0,3786.0,917.0,1.4766;50600.0
-117.26,33.02,9.0,4632.0,759.0,1724.0,685.0,6.3712;369800.0
-121.91,37.44,26.0,1669.0,276.0,951.0,278.0,4.7794;225800.0
-122.01,37.92,18.0,2808.0,337.0,1038.0,337.0,8.3956;353600.0
-118.39,33.97,43.0,2700.0,510.0,1146.0,506.0,5.1333;345900.0
-118.28,33.97,31.0,2017.0,566.0,2063.0,521.0,1.9219;107000.0
-117.3,33.17,6.0,7880.0,1533.0,3760.0,1460.0,4.1807;182600.0
-121.96,37.26,22.0,1408.0,351.0,636.0,294.0,1.8542;333300.0
-117.12,33.07,45.0,1032.0,235.0,363.0,177.0,3.6389;186600.0
-117.52,33.88,21.0,722.0,178.0,770.0,165.0,2.5656;102500.0
-117.13,32.72,52.0,1560.0,307.0,757.0,315.0,2.7083;199100.0
-121.82,37.36,34.0,1834.0,377.0,1450.0,347.0,3.7188;161500.0
-121.89,37.29,38.0,1568.0,351.0,710.0,339.0,2.7042;286600.0
-122.03,37.98,16.0,1209.0,477.0,627.0,482.0,1.3894;156300.0
-117.81,33.67,9.0,1567.0,299.0,675.0,294.0,5.2124;199600.0
-119.47,35.14,19.0,4190.0,690.0,1973.0,702.0,3.9929;88300.0
-117.3,34.1,44.0,589.0,130.0,504.0,137.0,1.775;63400.0
-122.42,37.75,52.0,2112.0,528.0,1227.0,513.0,3.5536;400000.0
-116.85,34.26,18.0,6988.0,1635.0,2044.0,726.0,2.4308;90600.0
-118.42,34.16,28.0,4664.0,1040.0,1963.0,961.0,3.9028;367900.0
-117.67,33.47,22.0,2728.0,616.0,1081.0,566.0,1.6393;500001.0
-117.94,34.07,25.0,1814.0,404.0,1187.0,363.0,3.3523;170800.0
-122.38,39.68,21.0,1155.0,210.0,510.0,175.0,2.3851;67500.0
-118.33,34.15,44.0,1321.0,303.0,471.0,301.0,4.2679;331800.0
-116.33,33.72,11.0,12327.0,2000.0,2450.0,1139.0,7.4382;353100.0
-120.0,38.92,26.0,529.0,116.0,191.0,83.0,3.5;103600.0
-122.45,37.72,45.0,964.0,173.0,613.0,201.0,2.9119;228900.0
-122.47,37.7,47.0,737.0,126.0,370.0,136.0,3.775;281300.0
-117.37,34.13,12.0,1893.0,493.0,1054.0,389.0,2.3456;140800.0
-122.37,37.94,49.0,969.0,229.0,599.0,195.0,1.3167;71600.0
-122.01,37.26,14.0,2561.0,404.0,1172.0,378.0,7.6107;500001.0
-122.58,38.12,13.0,5027.0,871.0,1912.0,770.0,4.9286;309500.0
-118.34,34.08,52.0,1421.0,163.0,495.0,167.0,10.586;500001.0
-118.06,33.91,21.0,2863.0,701.0,1489.0,621.0,3.2031;180700.0
-118.37,33.87,19.0,757.0,148.0,361.0,141.0,6.02;304200.0
-121.91,36.59,17.0,5039.0,833.0,1678.0,710.0,6.2323;339100.0
-118.25,34.07,18.0,4297.0,1420.0,4332.0,1286.0,2.2545;192500.0
-121.21,39.24,7.0,4194.0,673.0,1355.0,566.0,4.3702;226100.0
-116.87,32.75,15.0,2053.0,321.0,993.0,309.0,5.5164;248900.0
-121.91,37.42,19.0,1684.0,387.0,1224.0,376.0,4.1389;174100.0
-118.33,34.02,46.0,1528.0,391.0,933.0,366.0,2.1979;125700.0
-117.41,34.01,34.0,1231.0,216.0,841.0,199.0,2.6442;92000.0
-120.44,34.93,16.0,2098.0,558.0,1252.0,492.0,2.1509;67500.0
-116.36,33.88,11.0,12557.0,3098.0,2453.0,1232.0,1.7844;78500.0
-119.69,34.42,17.0,1826.0,544.0,1325.0,532.0,1.2762;253600.0
-121.34,38.68,28.0,3379.0,552.0,1543.0,556.0,4.2743;124000.0
-118.36,34.1,52.0,1295.0,281.0,578.0,273.0,2.976;405100.0
-117.66,33.62,16.0,4065.0,661.0,1962.0,636.0,6.2177;256600.0
-118.27,34.14,10.0,1060.0,332.0,1025.0,288.0,3.0074;175000.0
-118.36,33.87,17.0,1082.0,291.0,598.0,281.0,3.9868;281900.0
-122.0,37.4,35.0,1542.0,298.0,1164.0,318.0,5.9145;236900.0
-122.37,37.58,52.0,1900.0,290.0,665.0,276.0,4.5486;500001.0
-118.07,33.79,26.0,4422.0,624.0,1936.0,625.0,6.4288;320700.0
-122.9,39.09,15.0,2483.0,544.0,835.0,380.0,1.9141;143200.0
-121.38,38.55,26.0,1532.0,264.0,781.0,285.0,4.6944;130900.0
-116.9,32.79,21.0,3770.0,491.0,1410.0,446.0,6.7685;294700.0
-117.7,33.57,4.0,3283.0,911.0,1512.0,782.0,3.3125;138500.0
-115.73,33.35,23.0,1586.0,448.0,338.0,182.0,1.2132;30000.0
-122.06,37.54,20.0,6483.0,1068.0,3526.0,1060.0,5.0838;248200.0
-117.59,33.44,3.0,5813.0,1264.0,2363.0,1041.0,4.3897;341300.0
-121.23,37.78,20.0,273.0,49.0,149.0,49.0,4.8229;158300.0
-122.21,40.18,30.0,744.0,156.0,410.0,165.0,2.1898;63200.0
-121.7,36.55,21.0,3905.0,583.0,1528.0,586.0,7.6245;336600.0
-122.08,37.62,27.0,1826.0,309.0,1016.0,313.0,5.64;206500.0
-120.57,37.35,18.0,704.0,176.0,520.0,154.0,3.003;101300.0
-118.23,34.21,38.0,1399.0,390.0,859.0,386.0,3.4148;234800.0
-117.87,33.92,17.0,4575.0,764.0,2054.0,737.0,6.0571;272400.0
-122.26,37.83,51.0,936.0,311.0,517.0,249.0,1.2852;150000.0
-120.43,36.99,16.0,1027.0,199.0,673.0,193.0,2.9688;63800.0
-120.06,39.15,22.0,2213.0,372.0,98.0,42.0,1.1912;170000.0
-119.98,36.86,31.0,2366.0,482.0,1933.0,433.0,3.0234;65000.0
-118.53,34.37,8.0,3839.0,852.0,1342.0,593.0,3.9118;333700.0
-121.43,38.55,44.0,3514.0,714.0,1509.0,656.0,2.7333;100100.0
-122.14,37.46,27.0,5580.0,2009.0,4165.0,1763.0,2.4375;189000.0
-122.22,37.79,37.0,2343.0,574.0,1608.0,523.0,2.1494;132500.0
-122.92,41.7,23.0,4017.0,792.0,1634.0,619.0,2.3571;62000.0
-119.06,35.36,9.0,1228.0,234.0,409.0,212.0,4.3482;95200.0
-118.28,34.17,52.0,2332.0,433.0,1135.0,440.0,5.5658;331200.0
-118.14,34.08,30.0,1433.0,397.0,1110.0,346.0,2.3464;191700.0
-122.77,38.29,32.0,3201.0,542.0,1869.0,519.0,3.2442;268000.0
-118.51,34.29,29.0,1287.0,194.0,525.0,187.0,6.4171;319300.0
-116.93,32.82,26.0,4129.0,714.0,1820.0,718.0,4.2586;171000.0
-117.47,33.93,33.0,919.0,208.0,724.0,235.0,3.4028;110500.0
-122.36,40.58,17.0,1220.0,275.0,800.0,261.0,1.9181;118800.0
-119.23,34.42,16.0,630.0,117.0,343.0,100.0,5.75;325000.0
-116.23,33.73,29.0,1133.0,221.0,918.0,239.0,2.8648;72100.0
-122.24,38.15,10.0,6817.0,1188.0,4163.0,1135.0,4.4529;144100.0
-122.42,37.78,17.0,1257.0,339.0,1093.0,384.0,1.8438;72500.0
-120.59,38.76,21.0,1728.0,417.0,731.0,334.0,1.7266;94700.0
-118.62,34.17,32.0,1491.0,355.0,756.0,296.0,3.0404;262800.0
-118.31,34.07,40.0,2657.0,794.0,2149.0,749.0,2.2653;445000.0
-118.17,33.83,45.0,2019.0,363.0,880.0,339.0,4.1023;217300.0
-118.04,33.83,20.0,1488.0,312.0,972.0,283.0,4.055;201900.0
-118.48,34.0,52.0,1359.0,395.0,521.0,368.0,2.6736;500001.0
-121.24,40.31,36.0,1597.0,301.0,632.0,262.0,3.5962;93600.0
-116.91,34.0,18.0,553.0,100.0,215.0,82.0,5.5;193800.0
-118.13,34.02,38.0,1243.0,310.0,788.0,286.0,2.5852;185100.0
-118.62,34.22,33.0,1636.0,275.0,866.0,289.0,5.6356;241300.0
-117.22,33.93,14.0,5104.0,1026.0,3513.0,972.0,3.2148;117000.0
-119.3,36.34,27.0,1515.0,358.0,1178.0,309.0,1.4432;48100.0
-118.63,34.18,33.0,5252.0,760.0,2041.0,730.0,6.7977;389700.0
-116.6,33.06,23.0,1731.0,365.0,612.0,258.0,2.7813;172900.0
-117.56,33.86,25.0,6964.0,1066.0,3240.0,1036.0,5.2898;177100.0
-121.93,36.62,39.0,869.0,173.0,406.0,165.0,4.0313;253800.0
-121.51,38.55,46.0,1485.0,278.0,531.0,291.0,2.7885;137200.0
-121.82,38.0,29.0,2070.0,452.0,985.0,420.0,2.8466;113400.0
-117.6,33.45,4.0,2369.0,566.0,996.0,435.0,5.4031;243800.0
-122.06,38.27,14.0,6920.0,996.0,3196.0,978.0,5.0672;171300.0
-122.48,38.31,19.0,2398.0,521.0,1266.0,471.0,2.7727;186800.0
-117.27,34.12,27.0,2896.0,684.0,1514.0,668.0,1.462;70200.0
-122.25,37.81,52.0,1758.0,460.0,686.0,422.0,3.1691;259400.0
-118.38,33.81,36.0,1018.0,148.0,329.0,169.0,10.5045;500001.0
-122.22,37.47,35.0,367.0,113.0,398.0,109.0,2.5;166700.0
-121.78,37.67,26.0,2211.0,344.0,1024.0,321.0,5.2649;199800.0
-118.33,33.92,23.0,969.0,288.0,670.0,251.0,3.267;185400.0
-122.32,37.92,29.0,2304.0,399.0,1377.0,454.0,5.0187;140600.0
-117.35,33.19,28.0,2823.0,476.0,1189.0,433.0,5.1733;198100.0
-118.2,33.85,46.0,1854.0,462.0,1360.0,429.0,2.4844;158200.0
-118.27,34.25,39.0,699.0,150.0,358.0,143.0,4.4375;195800.0
-120.44,34.64,8.0,787.0,126.0,446.0,133.0,4.6023;163400.0
-122.09,37.41,14.0,753.0,193.0,421.0,153.0,4.2463;266700.0
-118.13,34.17,52.0,1784.0,368.0,966.0,345.0,3.6094;261500.0
-122.31,38.33,21.0,1922.0,344.0,1051.0,342.0,3.6042;183300.0
-117.7,34.04,13.0,5301.0,1025.0,2870.0,984.0,3.5954;163000.0
-116.97,32.78,35.0,1113.0,236.0,681.0,246.0,2.9784;136400.0
-117.2,32.79,16.0,2079.0,394.0,746.0,383.0,5.0958;300000.0
-119.76,34.44,28.0,1985.0,582.0,1092.0,548.0,2.4701;290900.0
-118.31,33.75,36.0,2715.0,474.0,1303.0,457.0,4.6042;357300.0
-117.95,33.79,34.0,2912.0,520.0,1625.0,501.0,4.4667;190600.0
-117.88,33.75,10.0,1823.0,590.0,2176.0,548.0,1.5026;151800.0
-117.92,33.82,36.0,2360.0,405.0,1479.0,386.0,4.3583;187200.0
-121.98,37.28,28.0,3688.0,633.0,1877.0,620.0,5.7251;272600.0
-118.63,34.18,32.0,1646.0,242.0,697.0,233.0,6.6689;433000.0
-122.23,37.42,16.0,1945.0,320.0,512.0,300.0,7.4542;500001.0
-122.41,37.63,39.0,4220.0,1055.0,2720.0,1046.0,2.639;242500.0
-118.19,34.02,45.0,1535.0,432.0,1820.0,419.0,1.7801;142800.0
-118.22,33.8,33.0,1984.0,477.0,1764.0,440.0,3.875;165100.0
-121.31,38.01,22.0,2575.0,680.0,1367.0,645.0,1.4274;90500.0
-122.3,38.29,25.0,1701.0,427.0,1021.0,399.0,3.0404;142100.0
-117.98,34.02,32.0,2945.0,651.0,2044.0,652.0,3.1979;183900.0
-121.83,37.32,17.0,1887.0,664.0,1906.0,597.0,2.5652;165300.0
-119.87,36.93,13.0,1429.0,209.0,702.0,205.0,4.3625;111800.0
-118.14,34.04,40.0,1966.0,391.0,1120.0,362.0,3.7109;198800.0
-118.32,34.08,52.0,1137.0,304.0,754.0,297.0,3.37;330300.0
-117.32,33.25,7.0,8206.0,1523.0,4399.0,1423.0,3.6301;170900.0
-118.28,33.84,27.0,2326.0,533.0,1697.0,546.0,3.8633;187900.0
-121.88,36.49,28.0,2830.0,458.0,898.0,370.0,5.8142;500001.0
-122.48,37.51,22.0,1564.0,278.0,761.0,270.0,4.7578;318500.0
-122.25,37.5,45.0,1812.0,336.0,752.0,329.0,4.95;345000.0
-117.52,33.82,14.0,3776.0,580.0,1877.0,559.0,5.1365;215000.0
-122.34,37.93,30.0,2515.0,481.0,1327.0,428.0,2.1287;95000.0
-117.62,34.05,33.0,883.0,211.0,1007.0,210.0,2.8281;103600.0
-117.31,34.04,29.0,2481.0,383.0,1188.0,385.0,4.7344;134600.0
-114.58,33.63,29.0,1387.0,236.0,671.0,239.0,3.3438;74000.0
-121.77,37.33,9.0,3160.0,468.0,1675.0,470.0,7.5443;348400.0
-121.66,36.71,27.0,4131.0,886.0,2002.0,815.0,3.2929;157500.0
-122.34,37.96,15.0,6487.0,1717.0,3408.0,1560.0,2.1991;133300.0
-121.36,38.03,7.0,3461.0,859.0,1518.0,741.0,3.5684;78700.0
-116.26,33.65,3.0,7437.0,1222.0,574.0,302.0,10.2948;382400.0
-118.29,34.08,25.0,2459.0,823.0,2635.0,763.0,2.4;173900.0
-119.74,36.78,27.0,4049.0,947.0,2254.0,882.0,2.2467;70700.0
-119.93,35.2,29.0,1649.0,342.0,671.0,264.0,3.0602;69800.0
-116.85,34.25,5.0,5806.0,1030.0,569.0,219.0,4.0132;163100.0
-118.18,33.87,44.0,2137.0,461.0,1126.0,439.0,3.4408;172900.0
-119.18,34.21,46.0,2062.0,484.0,1522.0,469.0,3.087;213900.0
-120.66,35.27,17.0,2719.0,589.0,1386.0,570.0,3.7337;208200.0
-118.0,34.13,35.0,1005.0,224.0,742.0,221.0,3.5481;158100.0
-118.02,33.79,23.0,6368.0,1030.0,3281.0,1001.0,6.1142;240400.0
-122.1,37.19,18.0,808.0,136.0,420.0,145.0,7.1831;273300.0
-116.91,32.73,8.0,4630.0,624.0,2048.0,575.0,6.4745;300300.0
-118.23,33.98,30.0,2562.0,959.0,3909.0,955.0,1.9929;150600.0
-119.32,36.36,18.0,2060.0,383.0,1348.0,397.0,3.4312;68400.0
-117.81,33.71,16.0,2666.0,387.0,1227.0,347.0,7.3769;302400.0
-118.19,34.02,44.0,2702.0,770.0,3260.0,721.0,2.3575;144800.0
-121.53,39.52,24.0,1028.0,185.0,471.0,186.0,2.9688;86400.0
-118.4,34.01,48.0,1427.0,253.0,693.0,268.0,5.7405;351600.0
-115.69,32.79,18.0,1564.0,340.0,1161.0,343.0,2.1792;55200.0
-121.31,37.98,47.0,3386.0,663.0,1228.0,619.0,3.0625;141500.0
-117.64,34.12,18.0,3605.0,534.0,1682.0,480.0,5.8407;202900.0
-118.44,34.29,35.0,2606.0,447.0,1555.0,404.0,4.6864;193800.0
-118.43,34.2,29.0,3051.0,694.0,1942.0,679.0,3.1118;238100.0
-117.58,33.87,17.0,2772.0,449.0,1685.0,461.0,5.0464;163900.0
-122.44,37.78,16.0,883.0,236.0,601.0,219.0,2.151;146900.0
-117.03,32.71,33.0,3126.0,627.0,2300.0,623.0,3.2596;103000.0
-118.42,34.19,33.0,3353.0,790.0,2318.0,775.0,2.2589;269700.0
-118.2,34.05,40.0,1146.0,323.0,1354.0,321.0,1.9205;121900.0
-121.79,37.0,28.0,2715.0,451.0,1154.0,386.0,4.8021;290400.0
-117.91,33.78,33.0,2729.0,549.0,2223.0,535.0,4.0362;177900.0
-121.35,38.62,28.0,4175.0,796.0,2032.0,830.0,3.4299;164000.0
-121.03,39.26,49.0,3739.0,759.0,1422.0,606.0,2.4283;143100.0
-118.26,33.97,52.0,1331.0,346.0,1144.0,362.0,1.5326;90600.0
-117.63,33.46,7.0,7684.0,1088.0,2812.0,1057.0,6.3401;387300.0
-122.24,37.85,52.0,3726.0,474.0,1366.0,496.0,9.3959;500001.0
-122.25,37.83,52.0,2376.0,559.0,939.0,519.0,3.1484;224100.0
-121.21,37.81,8.0,1883.0,298.0,999.0,301.0,5.193;172100.0
-122.35,40.25,10.0,1621.0,318.0,866.0,283.0,3.5;104300.0
-117.95,33.77,38.0,1476.0,308.0,1114.0,309.0,4.1917;181800.0
-118.08,33.92,39.0,1631.0,322.0,1034.0,328.0,4.5382;165700.0
-118.23,34.17,37.0,4524.0,1005.0,2099.0,937.0,3.5781;366700.0
-117.6,34.11,18.0,6025.0,1062.0,3360.0,1028.0,4.8889;155700.0
-122.41,37.78,52.0,1014.0,422.0,1055.0,382.0,1.8519;32500.0
-117.37,33.19,18.0,975.0,382.0,650.0,286.0,1.9562;192500.0
-118.42,33.9,29.0,1929.0,523.0,686.0,455.0,5.5347;500001.0
-120.21,39.35,7.0,914.0,159.0,85.0,34.0,4.7917;187500.0
-119.81,36.78,35.0,1012.0,245.0,633.0,240.0,2.0324;55500.0
-121.96,37.58,15.0,3575.0,597.0,1777.0,559.0,5.7192;283500.0
-121.87,38.02,52.0,2264.0,439.0,1403.0,476.0,2.7083;99400.0
-119.89,36.76,17.0,1987.0,335.0,1152.0,313.0,4.1719;126400.0
-124.14,40.6,27.0,1148.0,206.0,521.0,219.0,4.025;128100.0
-122.04,37.37,33.0,2757.0,489.0,1201.0,481.0,5.0453;311600.0
-122.07,38.27,8.0,6761.0,1234.0,3237.0,1177.0,4.3586;173400.0
-121.27,37.98,43.0,1005.0,200.0,492.0,172.0,2.6812;72800.0
-118.09,33.75,32.0,6239.0,974.0,2615.0,950.0,6.6188;380000.0
-122.63,38.5,19.0,2107.0,332.0,874.0,341.0,5.7819;265600.0
-117.04,32.64,5.0,2329.0,542.0,1213.0,514.0,4.0298;225600.0
-118.35,33.95,45.0,1076.0,213.0,781.0,238.0,3.95;164000.0
-119.7,34.36,35.0,1604.0,334.0,904.0,337.0,4.7411;336400.0
-118.11,33.84,36.0,1074.0,188.0,496.0,196.0,4.625;217400.0
-120.93,37.65,1.0,2254.0,328.0,402.0,112.0,4.25;189200.0
-122.18,39.7,23.0,1658.0,307.0,836.0,297.0,3.35;85400.0
-121.08,39.21,17.0,3033.0,590.0,1319.0,583.0,2.4811;111800.0
-121.39,38.62,45.0,2696.0,624.0,1059.0,582.0,1.8176;160900.0
-117.99,33.84,34.0,2079.0,343.0,1379.0,352.0,5.103;207000.0
-122.55,38.03,29.0,7174.0,1169.0,3063.0,1172.0,6.0902;293200.0
-118.47,34.26,35.0,1898.0,344.0,1123.0,347.0,5.5792;218400.0
-122.43,37.75,52.0,1615.0,393.0,633.0,378.0,3.5114;347500.0
-121.93,37.22,21.0,4872.0,594.0,1811.0,560.0,9.3834;500001.0
-117.72,33.97,16.0,13290.0,2062.0,6931.0,2023.0,5.228;187800.0
-117.08,33.14,19.0,2629.0,494.0,1444.0,503.0,3.5462;156800.0
-118.95,35.4,23.0,4483.0,894.0,2136.0,883.0,3.6875;101700.0
-118.46,34.42,25.0,2988.0,525.0,1884.0,513.0,4.7007;169500.0
-118.19,33.89,38.0,4018.0,986.0,3702.0,927.0,2.9293;113600.0
-116.94,32.83,38.0,1701.0,317.0,872.0,304.0,3.7831;147800.0
-118.21,33.82,33.0,1278.0,311.0,1157.0,320.0,3.5054;146800.0
-117.08,32.66,43.0,1004.0,236.0,839.0,235.0,2.81;103400.0
-121.97,37.32,19.0,4620.0,1404.0,2672.0,1308.0,3.699;237500.0
-118.31,34.08,27.0,1514.0,510.0,1603.0,518.0,2.8971;251100.0
-118.29,34.07,22.0,492.0,269.0,634.0,261.0,1.6406;300000.0
-117.79,33.77,21.0,4349.0,553.0,1680.0,519.0,6.9014;439000.0
-119.3,36.32,23.0,3521.0,615.0,1712.0,636.0,3.3875;92500.0
-121.28,38.12,34.0,3268.0,640.0,1906.0,628.0,2.8237;110700.0
-120.61,35.1,17.0,2799.0,637.0,2015.0,592.0,3.0536;143600.0
-122.14,38.03,42.0,118.0,34.0,54.0,30.0,2.5795;225000.0
-118.21,33.91,26.0,2422.0,632.0,2601.0,583.0,1.7824;110200.0
-120.46,34.64,37.0,1697.0,334.0,740.0,272.0,2.3804;148000.0
-118.28,34.25,35.0,2045.0,450.0,1166.0,407.0,3.5214;197600.0
-121.85,37.38,12.0,12980.0,2568.0,8190.0,2515.0,5.2415;286500.0
-117.32,34.08,46.0,1308.0,276.0,576.0,244.0,3.1875;84000.0
-122.01,37.93,25.0,2652.0,335.0,1062.0,334.0,7.5898;330200.0
-122.31,38.32,35.0,3997.0,762.0,2074.0,703.0,3.285;138100.0
-117.99,33.73,20.0,3182.0,884.0,1770.0,817.0,3.1912;220800.0
-114.67,33.92,17.0,97.0,24.0,29.0,15.0,1.2656;27500.0
-119.0,34.08,17.0,1822.0,438.0,578.0,291.0,5.4346;428600.0
-115.56,32.78,46.0,2511.0,490.0,1583.0,469.0,3.0603;70800.0
-118.23,34.12,32.0,2094.0,491.0,1413.0,479.0,4.5089;221100.0
-122.29,37.9,52.0,1604.0,263.0,594.0,286.0,5.338;270900.0
-122.5,37.97,25.0,6526.0,1902.0,5917.0,1812.0,2.7273;187500.0
-118.17,34.04,43.0,908.0,232.0,1005.0,224.0,1.75;134000.0
-120.02,37.57,17.0,2116.0,425.0,909.0,319.0,2.7188;113100.0
-117.96,33.86,32.0,2366.0,505.0,1283.0,477.0,3.3516;190000.0
-122.38,37.73,20.0,120.0,27.0,55.0,19.0,2.625;187500.0
-117.72,33.62,21.0,2322.0,518.0,662.0,457.0,3.1679;110000.0
-122.44,37.79,52.0,3785.0,808.0,1371.0,799.0,6.4209;500001.0
-120.59,35.12,27.0,3055.0,677.0,1407.0,610.0,2.1702;179700.0
-122.09,37.68,29.0,2333.0,538.0,1120.0,540.0,2.4042;205600.0
-122.42,40.59,24.0,5045.0,972.0,2220.0,979.0,2.6792;138900.0
-122.05,37.95,20.0,563.0,107.0,246.0,123.0,5.4482;190800.0
-118.9,35.41,6.0,4656.0,971.0,2320.0,935.0,3.0938;100800.0
-115.55,32.79,23.0,1004.0,221.0,697.0,201.0,1.6351;59600.0
-117.76,33.94,40.0,1092.0,213.0,457.0,190.0,5.1165;184200.0
-121.81,36.57,13.0,3030.0,413.0,1027.0,363.0,6.9615;500001.0
-118.74,34.27,23.0,2493.0,522.0,1488.0,505.0,4.18;215000.0
-117.89,33.72,23.0,2305.0,538.0,2493.0,502.0,3.6618;183500.0
-118.36,33.92,19.0,2807.0,883.0,1546.0,815.0,2.6375;233800.0
-121.73,38.56,30.0,3306.0,629.0,1623.0,648.0,2.8614;145200.0
-118.32,34.07,25.0,2740.0,707.0,1420.0,664.0,3.5909;404500.0
-121.36,38.15,42.0,2051.0,334.0,878.0,318.0,4.3553;185700.0
-117.13,32.74,52.0,1512.0,321.0,651.0,321.0,3.6852;185300.0
-118.36,34.03,35.0,1819.0,499.0,1666.0,482.0,1.6452;125900.0
-117.27,34.49,7.0,2344.0,351.0,846.0,314.0,4.7361;174500.0
-120.01,38.91,27.0,968.0,191.0,283.0,143.0,2.0938;94400.0
-121.83,37.29,20.0,2308.0,461.0,2223.0,456.0,4.2589;191000.0
-121.31,37.96,52.0,2654.0,468.0,1157.0,494.0,3.226;107600.0
-117.97,34.05,34.0,2050.0,495.0,1832.0,465.0,2.8333;155700.0
-118.35,34.03,35.0,1438.0,333.0,794.0,306.0,1.975;138100.0
-121.63,38.04,25.0,2019.0,411.0,888.0,326.0,3.2619;183800.0
-122.42,37.76,46.0,2150.0,817.0,2075.0,807.0,1.3824;212500.0
-118.42,33.97,44.0,1462.0,240.0,562.0,237.0,4.9375;365200.0
-118.31,33.93,42.0,1173.0,201.0,602.0,186.0,5.5787;142000.0
-121.54,39.47,14.0,1724.0,315.0,939.0,302.0,2.4952;53900.0
-117.65,33.6,13.0,2319.0,430.0,1004.0,380.0,5.133;316100.0
-122.76,38.45,8.0,5823.0,1104.0,2864.0,1041.0,3.6292;183600.0
-117.65,34.1,44.0,1526.0,337.0,831.0,326.0,3.0284;115800.0
-118.18,33.86,39.0,2925.0,732.0,1702.0,642.0,2.375;160800.0
-117.3,34.13,52.0,1859.0,395.0,968.0,333.0,1.2034;79500.0
-118.15,34.07,52.0,1983.0,344.0,887.0,331.0,3.2875;234400.0
-116.54,33.8,22.0,6050.0,1387.0,1432.0,890.0,2.2216;183900.0
-119.45,35.13,34.0,1440.0,309.0,808.0,294.0,2.3013;26600.0
-117.88,33.92,13.0,3292.0,727.0,1565.0,698.0,5.457;308800.0
-122.17,37.43,24.0,3924.0,1142.0,7174.0,950.0,4.0972;387500.0
-118.1,33.83,37.0,2059.0,349.0,825.0,334.0,4.0603;225200.0
-122.07,37.86,17.0,1102.0,224.0,317.0,208.0,3.5893;206300.0
-122.18,37.88,36.0,542.0,119.0,231.0,121.0,4.9;354200.0
-119.77,34.43,22.0,2552.0,443.0,1066.0,424.0,5.1271;342500.0
-119.29,36.52,39.0,858.0,228.0,1222.0,224.0,1.5714;43000.0
-121.37,38.69,35.0,1851.0,327.0,1007.0,286.0,3.2361;84000.0
-117.96,34.1,35.0,4036.0,904.0,3878.0,846.0,3.2957;141600.0
-119.29,36.12,24.0,1248.0,226.0,641.0,200.0,2.4722;129200.0
-121.35,38.0,22.0,3564.0,730.0,1539.0,699.0,3.675;152400.0
-118.7,34.3,27.0,1527.0,220.0,756.0,226.0,6.1825;227000.0
-118.11,34.18,52.0,3571.0,510.0,1434.0,490.0,5.9009;376000.0
-118.32,33.73,25.0,1099.0,168.0,407.0,159.0,7.6886;500001.0
-121.43,38.52,43.0,2089.0,399.0,955.0,385.0,2.5898;72100.0
-122.29,37.81,49.0,844.0,204.0,560.0,152.0,1.75;75000.0
-118.21,33.97,52.0,4220.0,908.0,3731.0,892.0,3.1901;167600.0
-117.22,33.22,16.0,2134.0,643.0,1555.0,560.0,1.7217;175000.0
-122.26,37.82,40.0,624.0,195.0,423.0,160.0,0.9506;187500.0
-118.15,34.11,52.0,1000.0,192.0,363.0,158.0,4.2981;352800.0
-117.37,34.1,10.0,3404.0,855.0,1656.0,675.0,1.6977;91300.0
-118.25,34.15,15.0,3712.0,1005.0,1888.0,890.0,3.6875;209600.0
-118.3,33.99,44.0,1458.0,326.0,1159.0,283.0,1.1645;98200.0
-118.3,34.1,29.0,3403.0,1367.0,3432.0,1174.0,1.7083;166700.0
-117.7,33.92,4.0,8301.0,1333.0,3941.0,1236.0,6.2141;252200.0
-118.94,36.32,10.0,2271.0,398.0,986.0,358.0,4.0703;147100.0
-122.33,37.58,40.0,2362.0,468.0,992.0,425.0,4.7917;359900.0
